Date, Open, High, Low, Close, Volume
12/05/17, 995.94, 1020.61, 988.28, 1005.15, 2067318
12/04/17, 1012.66, 1016.10, 995.57, 998.68, 1906439
12/01/17, 1015.80, 1022.49, 1002.02, 1010.17, 1909566
11/30/17, 1022.37, 1028.49, 1015.00, 1021.41, 1724031
11/29/17, 1042.68, 1044.08, 1015.65, 1021.66, 2459426
11/28/17, 1055.09, 1062.375, 1040.00, 1047.41, 1424394
11/27/17, 1040.00, 1055.46, 1038.44, 1054.21, 1307881
11/24/17, 1035.87, 1043.178, 1035.00, 1040.61, 536996
11/22/17, 1035.00, 1039.706, 1031.43, 1035.96, 746878
11/21/17, 1023.31, 1035.11, 1022.655, 1034.49, 1096999
11/20/17, 1020.26, 1022.61, 1017.50, 1018.38, 953470
11/17/17, 1034.01, 1034.42, 1017.75, 1019.09, 1397064
11/16/17, 1022.52, 1035.92, 1022.52, 1032.50, 1129688
11/15/17, 1019.21, 1024.09, 1015.42, 1020.91, 853992
11/14/17, 1022.59, 1026.81, 1014.15, 1026.00, 959222
11/13/17, 1023.42, 1031.58, 1022.57, 1025.75, 885779
11/10/17, 1026.46, 1030.76, 1025.28, 1028.07, 720676
11/09/17, 1033.99, 1033.99, 1019.666, 1031.26, 1245246
11/08/17, 1030.52, 1043.522, 1028.45, 1039.85, 1088716
11/07/17, 1027.27, 1033.97, 1025.13, 1033.33, 1112331
11/06/17, 1028.99, 1034.87, 1025.00, 1025.90, 1125185
11/03/17, 1022.11, 1032.65, 1020.31, 1032.48, 1076350
11/02/17, 1021.76, 1028.09, 1013.01, 1025.58, 1048970
11/01/17, 1017.21, 1029.67, 1016.95, 1025.50, 1373444
10/31/17, 1015.22, 1024.00, 1010.42, 1016.64, 1331391
10/30/17, 1014.00, 1024.97, 1007.50, 1017.11, 2085062
10/27/17, 1009.19, 1048.39, 1008.20, 1019.27, 5167689
10/26/17, 980.00, 987.60, 972.20, 972.56, 2042149
10/25/17, 968.37, 976.09, 960.5201, 973.33, 1211262
10/24/17, 970.00, 972.23, 961.00, 970.54, 1212153
10/23/17, 989.52, 989.52, 966.12, 968.45, 1478448
10/20/17, 989.44, 991.00, 984.58, 988.20, 1183186
10/19/17, 986.00, 988.88, 978.39, 984.45, 1313575
10/18/17, 991.77, 996.72, 986.9747, 992.81, 1057581
10/17/17, 990.29, 996.44, 988.59, 992.18, 1290186
10/16/17, 992.10, 993.9065, 984.00, 992.00, 910543
10/13/17, 992.00, 997.21, 989.00, 989.68, 1169777
10/12/17, 987.45, 994.12, 985.00, 987.83, 1262793
10/11/17, 973.72, 990.71, 972.25, 989.25, 1693274
10/10/17, 980.00, 981.57, 966.0801, 972.60, 968362
10/09/17, 980.00, 985.425, 976.11, 977.00, 891355
10/06/17, 966.70, 979.46, 963.36, 978.89, 1173882
10/05/17, 955.49, 970.91, 955.18, 969.96, 1213816
10/04/17, 957.00, 960.39, 950.69, 951.68, 952391
10/03/17, 954.00, 958.00, 949.14, 957.79, 888346
10/02/17, 959.98, 962.54, 947.84, 953.27, 1283444
09/29/17, 952.00, 959.7864, 951.51, 959.11, 1580994
09/28/17, 941.36, 950.69, 940.55, 949.50, 1020312
09/27/17, 927.74, 949.90, 927.74, 944.49, 2239441
09/26/17, 923.72, 930.82, 921.14, 924.86, 1666861
09/25/17, 925.45, 926.40, 909.70, 920.97, 1856822
09/22/17, 927.75, 934.73, 926.48, 928.53, 1052704
09/21/17, 933.00, 936.53, 923.83, 932.45, 1290607
09/20/17, 922.98, 933.88, 922.00, 931.58, 1669763
09/19/17, 917.42, 922.4199, 912.55, 921.81, 936654
09/18/17, 920.01, 922.08, 910.60, 915.00, 1306922
09/15/17, 924.66, 926.49, 916.36, 920.29, 2505430
09/14/17, 931.25, 932.77, 924.00, 925.11, 1397644
09/13/17, 930.66, 937.25, 929.86, 935.09, 1102631
09/12/17, 932.59, 933.48, 923.861, 932.07, 1134397
09/11/17, 934.25, 938.38, 926.92, 929.08, 1266991
09/08/17, 936.49, 936.99, 924.88, 926.50, 1011538
09/07/17, 931.73, 936.41, 923.62, 935.95, 1212743
09/06/17, 930.15, 930.915, 919.27, 927.81, 1527650
09/05/17, 933.08, 937.00, 921.96, 928.45, 1348292
09/01/17, 941.13, 942.48, 935.15, 937.34, 947374
08/31/17, 931.76, 941.98, 931.76, 939.33, 1582579
08/30/17, 920.05, 930.819, 919.65, 929.57, 1301225
08/29/17, 905.10, 923.33, 905.00, 921.29, 1185564
08/28/17, 916.00, 919.245, 911.87, 913.81, 1086484
08/25/17, 923.49, 925.555, 915.50, 915.89, 1053376
08/24/17, 928.66, 930.84, 915.50, 921.28, 1270306
08/23/17, 921.93, 929.93, 919.36, 927.00, 1090248
08/22/17, 912.72, 925.86, 911.4751, 924.69, 1166737
08/21/17, 910.00, 913.00, 903.40, 906.66, 943441
08/18/17, 910.31, 915.275, 907.1543, 910.67, 1342689
08/17/17, 925.78, 926.86, 910.98, 910.98, 1277238
08/16/17, 925.29, 932.70, 923.445, 926.96, 1006711
08/15/17, 924.23, 926.5499, 919.82, 922.22, 883369
08/14/17, 922.53, 924.668, 918.19, 922.67, 1064530
08/11/17, 907.97, 917.78, 905.58, 914.39, 1206782
08/10/17, 917.55, 919.26, 906.13, 907.24, 1823967
08/09/17, 920.61, 925.98, 917.2501, 922.90, 1192081
08/08/17, 927.09, 935.814, 925.6095, 926.79, 1061579
08/07/17, 929.06, 931.70, 926.50, 929.36, 1032239
08/04/17, 926.75, 930.3068, 923.03, 927.96, 1082267
08/03/17, 930.34, 932.24, 922.24, 923.65, 1202512
08/02/17, 928.61, 932.60, 916.68, 930.39, 1824448
08/01/17, 932.38, 937.447, 929.26, 930.83, 1277734
07/31/17, 941.89, 943.59, 926.04, 930.50, 1970095
07/28/17, 929.40, 943.83, 927.50, 941.53, 1846351
07/27/17, 951.78, 951.78, 920.00, 934.09, 3212996
07/26/17, 954.68, 955.00, 942.2788, 947.80, 2088256
07/25/17, 953.81, 959.70, 945.40, 950.70, 4660979
07/24/17, 972.22, 986.20, 970.77, 980.34, 3248347
07/21/17, 962.25, 973.23, 960.15, 972.92, 1711000
07/20/17, 975.00, 975.90, 961.51, 968.15, 1624463
07/19/17, 967.84, 973.04, 964.03, 970.89, 1224540
07/18/17, 953.00, 968.04, 950.60, 965.40, 1153964
07/17/17, 957.00, 960.74, 949.2407, 953.42, 1165537
07/14/17, 952.00, 956.91, 948.005, 955.99, 1053774
07/13/17, 946.29, 954.45, 943.01, 947.16, 1294687
07/12/17, 938.68, 946.30, 934.47, 943.83, 1532144
07/11/17, 929.54, 931.43, 922.00, 930.09, 1113235
07/10/17, 921.77, 930.38, 919.59, 928.80, 1192825
07/07/17, 908.85, 921.54, 908.85, 918.59, 1637785
07/06/17, 904.12, 914.9444, 899.70, 906.69, 1424503
07/05/17, 901.76, 914.51, 898.50, 911.71, 1813884
07/03/17, 912.18, 913.94, 894.79, 898.70, 1710373
06/30/17, 926.05, 926.05, 908.31, 908.73, 2090226
06/29/17, 929.92, 931.26, 910.62, 917.79, 3299176
06/28/17, 929.00, 942.75, 916.00, 940.49, 2721406
06/27/17, 942.46, 948.29, 926.85, 927.33, 2579930
06/26/17, 969.90, 973.31, 950.79, 952.27, 1598355
06/23/17, 956.83, 966.00, 954.20, 965.59, 1527856
06/22/17, 958.70, 960.72, 954.55, 957.09, 941958
06/21/17, 953.64, 960.10, 950.76, 959.45, 1202233
06/20/17, 957.52, 961.62, 950.01, 950.63, 1125990
06/19/17, 949.96, 959.99, 949.05, 957.37, 1533336
06/16/17, 940.00, 942.04, 931.595, 939.78, 3094711
06/15/17, 933.97, 943.339, 924.44, 942.31, 2133050
06/14/17, 959.92, 961.15, 942.25, 950.76, 1489715
06/13/17, 951.91, 959.98, 944.09, 953.40, 2013337
06/12/17, 939.56, 949.355, 915.2328, 942.90, 3763529
06/09/17, 984.50, 984.50, 935.63, 949.83, 3309389
06/08/17, 982.35, 984.57, 977.20, 983.41, 1481916
06/07/17, 979.65, 984.15, 975.77, 981.08, 1453874
06/06/17, 983.16, 988.25, 975.14, 976.57, 1814624
06/05/17, 976.55, 986.91, 975.10, 983.68, 1252106
06/02/17, 969.46, 975.88, 966.00, 975.60, 1750955
06/01/17, 968.95, 971.50, 960.01, 966.95, 1410458
05/31/17, 975.02, 979.27, 960.18, 964.86, 2448067
05/30/17, 970.31, 976.20, 969.49, 975.88, 1466654
05/26/17, 969.70, 974.98, 965.03, 971.47, 1252010
05/25/17, 957.33, 972.629, 955.47, 969.54, 1660474
05/24/17, 952.98, 955.09, 949.50, 954.96, 1034199
05/23/17, 947.92, 951.4666, 942.575, 948.82, 1270817
05/22/17, 935.00, 941.8828, 935.00, 941.86, 1120385
05/19/17, 931.47, 937.755, 931.00, 934.01, 1393024
05/18/17, 921.00, 933.17, 918.75, 930.24, 1596897
05/17/17, 935.67, 939.3325, 918.14, 919.62, 2362072
05/16/17, 940.00, 943.11, 937.58, 943.00, 969479
05/15/17, 932.95, 938.25, 929.34, 937.08, 1108496
05/12/17, 931.53, 933.44, 927.85, 932.22, 1050601
05/11/17, 925.32, 932.53, 923.0301, 930.60, 835386
05/10/17, 931.98, 932.00, 925.16, 928.78, 1173925
05/09/17, 936.95, 937.50, 929.53, 932.17, 1581809
05/08/17, 926.12, 936.925, 925.26, 934.30, 1329825
05/05/17, 933.54, 934.90, 925.20, 927.13, 1911275
05/04/17, 926.07, 935.93, 924.59, 931.66, 1422144
05/03/17, 914.86, 928.10, 912.5425, 927.04, 1499532
05/02/17, 909.62, 920.77, 909.4526, 916.44, 1587219
05/01/17, 901.94, 915.68, 901.45, 912.57, 2115993
04/28/17, 910.66, 916.85, 905.77, 905.96, 3276255
04/27/17, 873.60, 875.40, 870.38, 874.25, 2026816
04/26/17, 874.23, 876.05, 867.7481, 871.73, 1237167
04/25/17, 865.00, 875.00, 862.81, 872.30, 1671972
04/24/17, 851.20, 863.45, 849.86, 862.76, 1372541
04/21/17, 842.88, 843.88, 840.60, 843.19, 1323583
04/20/17, 841.44, 845.20, 839.32, 841.65, 959031
04/19/17, 839.79, 842.22, 836.29, 838.21, 954330
04/18/17, 834.22, 838.93, 832.71, 836.82, 836722
04/17/17, 825.01, 837.75, 824.47, 837.17, 895015
04/13/17, 822.14, 826.38, 821.44, 823.56, 1122362
04/12/17, 821.93, 826.66, 821.02, 824.32, 900480
04/11/17, 824.71, 827.4267, 817.0201, 823.35, 1079732
04/10/17, 825.39, 829.35, 823.77, 824.73, 978905
04/07/17, 827.96, 828.485, 820.5127, 824.67, 1057253
04/06/17, 832.40, 836.39, 826.46, 827.88, 1254433
04/05/17, 835.51, 842.45, 830.72, 831.41, 1555328
04/04/17, 831.36, 835.18, 829.0363, 834.57, 1045363
04/03/17, 829.22, 840.85, 829.22, 838.55, 1671503
03/31/17, 828.97, 831.64, 827.39, 829.56, 1401893
03/30/17, 833.50, 833.68, 829.00, 831.50, 1055339
03/29/17, 825.00, 832.765, 822.3801, 831.41, 1786321
03/28/17, 820.41, 825.99, 814.027, 820.92, 1620542
03/27/17, 806.95, 821.63, 803.37, 819.51, 1894990
03/24/17, 820.08, 821.93, 808.89, 814.43, 1981006
03/23/17, 821.00, 822.57, 812.257, 817.58, 3487056
03/22/17, 831.91, 835.55, 827.1801, 829.59, 1401465
03/21/17, 851.40, 853.50, 829.02, 830.46, 2463484
03/20/17, 850.01, 850.22, 845.15, 848.40, 1231521
03/17/17, 851.61, 853.40, 847.11, 852.12, 1716471
03/16/17, 849.03, 850.85, 846.13, 848.78, 977560
03/15/17, 847.59, 848.63, 840.77, 847.20, 1381474
03/14/17, 843.64, 847.24, 840.80, 845.62, 780198
03/13/17, 844.00, 848.685, 843.25, 845.54, 1223647
03/10/17, 843.28, 844.91, 839.50, 843.25, 1704024
03/09/17, 836.00, 842.00, 834.21, 838.68, 1261517
03/08/17, 833.51, 838.15, 831.79, 835.37, 989773
03/07/17, 827.40, 833.41, 826.52, 831.91, 1037630
03/06/17, 826.95, 828.88, 822.40, 827.78, 1109037
03/03/17, 830.56, 831.36, 825.751, 829.08, 896378
03/02/17, 833.85, 834.51, 829.64, 830.63, 942476
03/01/17, 828.85, 836.255, 827.26, 835.24, 1496540
02/28/17, 825.61, 828.54, 820.20, 823.21, 2260769
02/27/17, 824.55, 830.50, 824.00, 829.28, 1101466
02/24/17, 827.73, 829.00, 824.20, 828.64, 1392202
02/23/17, 830.12, 832.46, 822.88, 831.33, 1472771
02/22/17, 828.66, 833.25, 828.64, 830.76, 987248
02/21/17, 828.66, 833.45, 828.35, 831.66, 1262337
02/17/17, 823.02, 828.07, 821.655, 828.07, 1611039
02/16/17, 819.93, 824.40, 818.98, 824.16, 1287626
02/15/17, 819.36, 823.00, 818.47, 818.98, 1313617
02/14/17, 819.00, 823.00, 816.00, 820.45, 1054732
02/13/17, 816.00, 820.959, 815.49, 819.24, 1213324
02/10/17, 811.70, 815.25, 809.78, 813.67, 1134976
02/09/17, 809.51, 810.66, 804.54, 809.56, 990391
02/08/17, 807.00, 811.84, 803.1903, 808.38, 1155990
02/07/17, 803.99, 810.50, 801.78, 806.97, 1241221
02/06/17, 799.70, 801.67, 795.2501, 801.34, 1184483
02/03/17, 802.99, 806.00, 800.37, 801.49, 1463448
02/02/17, 793.80, 802.70, 792.00, 798.53, 1532138
02/01/17, 799.68, 801.19, 791.19, 795.695, 2029744
01/31/17, 796.86, 801.25, 790.52, 796.79, 2160556
01/30/17, 814.66, 815.84, 799.80, 802.32, 3246573
01/27/17, 834.71, 841.95, 820.44, 823.31, 2965771
01/26/17, 837.81, 838.00, 827.01, 832.15, 2973891
01/25/17, 829.62, 835.77, 825.06, 835.67, 1627304
01/24/17, 822.30, 825.90, 817.821, 823.87, 1474010
01/23/17, 807.25, 820.87, 803.74, 819.31, 1963628
01/20/17, 806.91, 806.91, 801.69, 805.02, 1670045
01/19/17, 805.12, 809.48, 801.80, 802.175, 919325
01/18/17, 805.81, 806.205, 800.99, 806.07, 1294407
01/17/17, 807.08, 807.14, 800.37, 804.61, 1362115
01/13/17, 807.48, 811.2244, 806.69, 807.88, 1099215
01/12/17, 807.14, 807.39, 799.17, 806.36, 1353057
01/11/17, 805.00, 808.15, 801.37, 807.91, 1065936
01/10/17, 807.86, 809.1299, 803.51, 804.79, 1176780
01/09/17, 806.40, 809.9664, 802.83, 806.65, 1274645
01/06/17, 795.26, 807.90, 792.2041, 806.15, 1640170
01/05/17, 786.08, 794.48, 785.02, 794.02, 1335167
01/04/17, 788.36, 791.34, 783.16, 786.90, 1072958
01/03/17, 778.81, 789.63, 775.80, 786.14, 1657268
12/30/16, 782.75, 782.78, 770.41, 771.82, 1769950
12/29/16, 783.33, 785.93, 778.92, 782.79, 744272
12/28/16, 793.70, 794.23, 783.20, 785.05, 1153824
12/27/16, 790.68, 797.86, 787.657, 791.55, 789321
12/23/16, 790.90, 792.74, 787.28, 789.91, 623944
12/22/16, 792.36, 793.32, 788.58, 791.26, 972169
12/21/16, 795.84, 796.6757, 787.10, 794.56, 1211346
12/20/16, 796.76, 798.65, 793.27, 796.42, 951014
12/19/16, 790.22, 797.66, 786.27, 794.20, 1232087
12/16/16, 800.40, 800.8558, 790.29, 790.80, 2443796
12/15/16, 797.34, 803.00, 792.92, 797.85, 1626499
12/14/16, 797.40, 804.00, 794.01, 797.07, 1704150
12/13/16, 793.90, 804.3799, 793.34, 796.10, 2145209
12/12/16, 785.04, 791.25, 784.3553, 789.27, 2104117
12/09/16, 780.00, 789.43, 779.021, 789.29, 1821914
12/08/16, 772.48, 778.18, 767.23, 776.42, 1488059
12/07/16, 761.00, 771.36, 755.80, 771.19, 1760966
12/06/16, 764.73, 768.83, 757.34, 759.11, 1690689
12/05/16, 757.71, 763.90, 752.90, 762.52, 1394223
12/02/16, 744.59, 754.00, 743.10, 750.50, 1452484
12/01/16, 757.44, 759.85, 737.0245, 747.92, 3017947
11/30/16, 770.07, 772.99, 754.83, 758.04, 2392890
11/29/16, 771.53, 778.50, 768.24, 770.84, 1616618
11/28/16, 760.00, 779.53, 759.80, 768.24, 2188151
11/25/16, 764.26, 765.00, 760.52, 761.68, 587421
11/23/16, 767.73, 768.2825, 755.25, 760.99, 1478417
11/22/16, 772.63, 776.96, 767.00, 768.27, 1593108
11/21/16, 762.61, 769.70, 760.60, 769.20, 1330639
11/18/16, 771.37, 775.00, 760.00, 760.54, 1547145
11/17/16, 766.92, 772.70, 764.23, 771.23, 1304048
11/16/16, 755.20, 766.36, 750.51, 764.48, 1472594
11/15/16, 746.97, 764.4161, 746.97, 758.49, 2384001
11/14/16, 755.60, 757.85, 727.54, 736.08, 3654385
11/11/16, 756.54, 760.78, 750.38, 754.02, 2431815
11/10/16, 791.17, 791.17, 752.18, 762.56, 4745183
11/09/16, 779.94, 791.2265, 771.67, 785.31, 2607121
11/08/16, 783.40, 795.633, 780.19, 790.51, 1366873
11/07/16, 774.50, 785.19, 772.55, 782.52, 1585070
11/04/16, 750.66, 770.36, 750.5611, 762.02, 2134812
11/03/16, 767.25, 769.95, 759.03, 762.13, 1943175
11/02/16, 778.20, 781.65, 763.4496, 768.70, 1918414
11/01/16, 782.89, 789.49, 775.54, 783.61, 2406356
10/31/16, 795.47, 796.86, 784.00, 784.54, 2427284
10/28/16, 808.35, 815.49, 793.59, 795.37, 4269902
10/27/16, 801.00, 803.49, 791.50, 795.35, 2749221
10/26/16, 806.34, 806.98, 796.32, 799.07, 1647733
10/25/16, 816.68, 816.68, 805.14, 807.67, 1576404
10/24/16, 804.90, 815.18, 804.82, 813.11, 1697514
10/21/16, 795.00, 799.50, 794.00, 799.37, 1266181
10/20/16, 803.30, 803.97, 796.03, 796.97, 1757528
10/19/16, 798.86, 804.63, 797.635, 801.56, 1766798
10/18/16, 787.85, 801.61, 785.565, 795.26, 2056903
10/17/16, 779.80, 785.85, 777.50, 779.96, 1092973
10/14/16, 781.65, 783.95, 776.00, 778.53, 852487
10/13/16, 781.22, 781.22, 773.00, 778.19, 1365277
10/12/16, 783.76, 788.13, 782.06, 786.14, 937435
10/11/16, 786.66, 792.28, 780.58, 783.07, 1372461
10/10/16, 777.71, 789.38, 775.87, 785.94, 1174923
10/07/16, 779.66, 779.66, 770.75, 775.08, 933158
10/06/16, 779.00, 780.48, 775.54, 776.86, 1070692
10/05/16, 779.31, 782.07, 775.65, 776.47, 1461151
10/04/16, 776.03, 778.71, 772.89, 776.43, 1201350
10/03/16, 774.25, 776.065, 769.50, 772.56, 1278821
09/30/16, 776.33, 780.94, 774.09, 777.29, 1585333
09/29/16, 781.44, 785.80, 774.232, 775.01, 1314746
09/28/16, 777.85, 781.81, 774.97, 781.56, 1109834
09/27/16, 775.50, 785.9899, 774.308, 783.01, 1153247
09/26/16, 782.74, 782.74, 773.07, 774.21, 1533206
09/23/16, 786.59, 788.93, 784.15, 786.90, 1411937
09/22/16, 780.00, 789.85, 778.44, 787.21, 1486223
09/21/16, 772.66, 777.16, 768.301, 776.22, 1167810
09/20/16, 769.00, 773.33, 768.53, 771.41, 978631
09/19/16, 772.42, 774.00, 764.4406, 765.70, 1172824
09/16/16, 769.75, 769.75, 764.66, 768.88, 2049338
09/15/16, 762.89, 773.80, 759.96, 771.76, 1346751
09/14/16, 759.61, 767.68, 759.11, 762.49, 1094490
09/13/16, 764.48, 766.2195, 755.80, 759.69, 1395046
09/12/16, 755.13, 770.29, 754.0001, 769.02, 1310986
09/09/16, 770.10, 773.245, 759.66, 759.66, 1885496
09/08/16, 778.59, 780.35, 773.58, 775.32, 1270264
09/07/16, 780.00, 782.73, 776.20, 780.35, 894021
09/06/16, 773.45, 782.00, 771.00, 780.08, 1442822
09/02/16, 773.01, 773.9199, 768.41, 771.46, 1072658
09/01/16, 769.25, 771.02, 764.30, 768.78, 925131
08/31/16, 767.01, 769.09, 765.38, 767.05, 1248556
08/30/16, 769.33, 774.466, 766.84, 769.09, 1130029
08/29/16, 768.74, 774.99, 766.615, 772.15, 847565
08/26/16, 769.00, 776.0799, 765.85, 769.54, 1166681
08/25/16, 767.00, 771.89, 763.1846, 769.41, 926883
08/24/16, 770.58, 774.50, 767.07, 769.64, 1071999
08/23/16, 775.48, 776.44, 771.785, 772.08, 928232
08/22/16, 773.27, 774.54, 770.0502, 772.15, 951362
08/19/16, 775.00, 777.10, 773.13, 775.42, 861546
08/18/16, 780.01, 782.86, 777.00, 777.50, 719429
08/17/16, 777.32, 780.81, 773.53, 779.91, 924226
08/16/16, 780.30, 780.98, 773.444, 777.14, 1028047
08/15/16, 783.75, 787.49, 780.11, 782.44, 938186
08/12/16, 781.50, 783.395, 780.40, 783.22, 740498
08/11/16, 785.00, 789.75, 782.97, 784.85, 975113
08/10/16, 783.75, 786.8123, 782.778, 784.68, 786363
08/09/16, 781.10, 788.94, 780.57, 784.26, 1318894
08/08/16, 782.00, 782.63, 778.091, 781.76, 1107857
08/05/16, 773.78, 783.04, 772.34, 782.22, 1801205
08/04/16, 772.22, 774.07, 768.795, 771.61, 1140254
08/03/16, 767.18, 773.21, 766.82, 773.18, 1287421
08/02/16, 768.69, 775.84, 767.85, 771.07, 1784525
08/01/16, 761.09, 780.43, 761.09, 772.88, 2700470
07/29/16, 772.71, 778.55, 766.77, 768.79, 3841482
07/28/16, 747.04, 748.65, 739.30, 745.91, 3530169
07/27/16, 738.28, 744.46, 737.00, 741.77, 1512517
07/26/16, 739.04, 741.69, 734.27, 738.42, 1186738
07/25/16, 740.67, 742.61, 737.50, 739.77, 1032432
07/22/16, 741.86, 743.24, 736.56, 742.74, 1259823
07/21/16, 740.36, 741.69, 735.831, 738.63, 1026306
07/20/16, 737.33, 742.13, 737.10, 741.19, 1289671
07/19/16, 729.89, 736.99, 729.00, 736.96, 1227486
07/18/16, 722.71, 736.13, 721.19, 733.78, 1295476
07/15/16, 725.73, 725.74, 719.055, 719.85, 1279339
07/14/16, 721.58, 722.21, 718.03, 720.95, 950193
07/13/16, 723.62, 724.00, 716.85, 716.98, 935876
07/12/16, 719.12, 722.94, 715.91, 720.64, 1336921
07/11/16, 708.05, 716.51, 707.24, 715.09, 1111762
07/08/16, 699.50, 705.71, 696.435, 705.63, 1575166
07/07/16, 698.08, 698.20, 688.215, 695.36, 1304200
07/06/16, 689.98, 701.68, 689.09, 697.77, 1411925
07/05/16, 696.06, 696.94, 688.88, 694.49, 1462616
07/01/16, 692.20, 700.65, 692.1301, 699.21, 1344710
06/30/16, 685.47, 692.32, 683.65, 692.10, 1597714
06/29/16, 683.00, 687.4292, 681.41, 684.11, 1932561
06/28/16, 678.97, 680.33, 673.00, 680.04, 2173762
06/27/16, 671.00, 672.30, 663.284, 668.26, 2641085
06/24/16, 675.17, 689.40, 673.45, 675.22, 4449022
06/23/16, 697.45, 701.95, 687.00, 701.87, 2171415
06/22/16, 699.06, 700.86, 693.0819, 697.46, 1184318
06/21/16, 698.40, 702.77, 692.01, 695.94, 1465634
06/20/16, 698.77, 702.48, 693.41, 693.71, 2082538
06/17/16, 708.65, 708.82, 688.4515, 691.72, 3402357
06/16/16, 714.91, 716.65, 703.26, 710.36, 1982471
06/15/16, 719.00, 722.98, 717.31, 718.92, 1214517
06/14/16, 716.48, 722.47, 713.12, 718.27, 1306065
06/13/16, 716.51, 725.44, 716.51, 718.36, 1258930
06/10/16, 719.47, 725.89, 716.43, 719.41, 1216443
06/09/16, 722.87, 729.54, 722.3361, 728.58, 988914
06/08/16, 723.96, 728.57, 720.58, 728.28, 1583701
06/07/16, 719.84, 721.98, 716.55, 716.65, 1336754
06/06/16, 724.91, 724.91, 714.61, 716.55, 1566059
06/03/16, 729.27, 729.49, 720.56, 722.34, 1226253
06/02/16, 732.50, 733.02, 724.17, 730.40, 1341807
06/01/16, 734.53, 737.21, 730.66, 734.15, 1253593
05/31/16, 731.74, 739.73, 731.26, 735.72, 2129545
05/27/16, 724.01, 733.936, 724.00, 732.66, 1974962
05/26/16, 722.87, 728.33, 720.28, 724.12, 1576286
05/25/16, 720.76, 727.51, 719.7047, 725.27, 1632564
05/24/16, 706.86, 720.97, 706.86, 720.09, 1929467
05/23/16, 706.53, 711.4781, 704.18, 704.24, 1330692
05/20/16, 701.62, 714.58, 700.52, 709.74, 1828387
05/19/16, 702.36, 706.00, 696.80, 700.32, 1670234
05/18/16, 703.67, 711.60, 700.63, 706.63, 1766836
05/17/16, 715.99, 721.52, 704.11, 706.23, 2001225
05/16/16, 709.13, 718.48, 705.65, 716.49, 1317069
05/13/16, 711.93, 716.6619, 709.26, 710.83, 1314499
05/12/16, 717.06, 719.25, 709.00, 713.31, 1361332
05/11/16, 723.41, 724.48, 712.80, 715.29, 1692063
05/10/16, 716.75, 723.50, 715.72, 723.18, 1569591
05/09/16, 712.00, 718.71, 710.00, 712.90, 1510289
05/06/16, 698.38, 711.86, 698.1068, 711.12, 1829291
05/05/16, 697.70, 702.3199, 695.72, 701.43, 1683507
05/04/16, 690.49, 699.75, 689.01, 695.70, 1693525
05/03/16, 696.87, 697.84, 692.00, 692.36, 1543785
05/02/16, 697.63, 700.64, 691.00, 698.21, 1645265
04/29/16, 690.70, 697.62, 689.00, 693.01, 2487673
04/28/16, 708.26, 714.17, 689.55, 691.02, 2867255
04/27/16, 707.29, 708.98, 692.3651, 705.84, 3098587
04/26/16, 725.42, 725.766, 703.0264, 708.14, 2744587
04/25/16, 716.10, 723.93, 715.59, 723.15, 1959179
04/22/16, 726.30, 736.12, 713.61, 718.77, 5951938
04/21/16, 755.38, 760.45, 749.55, 759.14, 3060490
04/20/16, 758.00, 758.1315, 750.01, 752.67, 1529217
04/19/16, 769.51, 769.90, 749.33, 753.93, 2030526
04/18/16, 760.46, 768.05, 757.30, 766.61, 1558848
04/15/16, 753.98, 761.00, 752.6938, 759.00, 1809332
04/14/16, 754.01, 757.31, 752.705, 753.20, 1135271
04/13/16, 749.16, 754.38, 744.261, 751.72, 1707641
04/12/16, 738.00, 743.83, 731.01, 743.09, 1352992
04/11/16, 743.02, 745.00, 736.05, 736.10, 1220088
04/08/16, 743.97, 745.45, 735.55, 739.15, 1290787
04/07/16, 745.37, 746.9999, 736.28, 740.28, 1453185
04/06/16, 735.77, 746.24, 735.56, 745.69, 1053713
04/05/16, 738.00, 742.80, 735.37, 737.80, 1132294
04/04/16, 750.06, 752.80, 742.43, 745.29, 1134390
04/01/16, 738.60, 750.34, 737.00, 749.91, 1576745
03/31/16, 749.25, 750.85, 740.94, 744.95, 1718798
03/30/16, 750.10, 757.88, 748.74, 750.53, 1782427
03/29/16, 734.59, 747.25, 728.76, 744.77, 1903758
03/28/16, 736.79, 738.99, 732.50, 733.53, 1301327
03/24/16, 732.01, 737.747, 731.00, 735.30, 1594891
03/23/16, 742.36, 745.7199, 736.15, 738.06, 1432099
03/22/16, 737.46, 745.00, 737.46, 740.75, 1269749
03/21/16, 736.50, 742.50, 733.5157, 742.09, 1836503
03/18/16, 741.86, 742.00, 731.83, 737.60, 2980709
03/17/16, 736.45, 743.07, 736.00, 737.78, 1860834
03/16/16, 726.37, 737.47, 724.51, 736.09, 1624370
03/15/16, 726.92, 732.29, 724.77, 728.33, 1720965
03/14/16, 726.81, 735.50, 725.15, 730.49, 1718252
03/11/16, 720.00, 726.92, 717.125, 726.82, 1970815
03/10/16, 708.12, 716.44, 703.36, 712.82, 2833525
03/09/16, 698.47, 705.68, 694.00, 705.24, 1421515
03/08/16, 688.59, 703.79, 685.34, 693.97, 2076331
03/07/16, 706.90, 708.0912, 686.90, 695.16, 2988026
03/04/16, 714.99, 716.49, 706.02, 710.89, 1972077
03/03/16, 718.68, 719.45, 706.02, 712.42, 1957974
03/02/16, 719.00, 720.00, 712.00, 718.85, 1629003
03/01/16, 703.62, 718.81, 699.77, 718.81, 2151419
02/29/16, 700.32, 710.89, 697.68, 697.77, 2481145
02/26/16, 708.58, 713.43, 700.86, 705.07, 2243522
02/25/16, 700.01, 705.98, 690.585, 705.75, 1642166
02/24/16, 688.92, 700.00, 680.78, 699.56, 1963573
02/23/16, 701.45, 708.40, 693.58, 695.85, 2009280
02/22/16, 707.45, 713.24, 702.51, 706.46, 1949816
02/19/16, 695.03, 703.0805, 694.05, 700.91, 1589281
02/18/16, 710.00, 712.35, 696.03, 697.35, 1883248
02/17/16, 699.00, 709.75, 691.38, 708.40, 2492634
02/16/16, 692.98, 698.00, 685.05, 691.00, 2520021
02/12/16, 690.26, 693.75, 678.60, 682.40, 2141373
02/11/16, 675.00, 689.35, 668.8675, 683.11, 3024043
02/10/16, 686.86, 701.31, 682.13, 684.12, 2638007
02/09/16, 672.32, 699.90, 668.77, 678.11, 3608914
02/08/16, 667.85, 684.03, 663.06, 682.74, 4247355
02/05/16, 703.87, 703.99, 680.15, 683.57, 5105725
02/04/16, 722.81, 727.00, 701.86, 708.01, 5168709
02/03/16, 770.22, 774.50, 720.50, 726.95, 6171019
02/02/16, 784.50, 789.8699, 764.65, 764.65, 6348126
02/01/16, 750.46, 757.86, 743.27, 752.00, 5139157
01/29/16, 731.53, 744.9899, 726.80, 742.95, 3474319
01/28/16, 722.22, 733.69, 712.35, 730.96, 2676397
01/27/16, 713.67, 718.235, 694.39, 699.99, 2194227
01/26/16, 713.85, 718.28, 706.48, 713.04, 1331691
01/25/16, 723.58, 729.68, 710.01, 711.67, 1711716
01/22/16, 723.60, 728.13, 720.121, 725.25, 2011797
01/21/16, 702.18, 719.19, 694.46, 706.59, 2412211
01/20/16, 688.61, 706.85, 673.26, 698.45, 3444962
01/19/16, 703.30, 709.98, 693.4101, 701.79, 2268078
01/15/16, 692.29, 706.74, 685.37, 694.45, 3608109
01/14/16, 705.38, 721.925, 689.10, 714.72, 2225768
01/13/16, 730.85, 734.74, 698.61, 700.56, 2501730
01/12/16, 721.68, 728.75, 717.3165, 726.07, 2024509
01/11/16, 716.61, 718.855, 703.54, 716.03, 2090621
01/08/16, 731.45, 733.23, 713.00, 714.47, 2450857
01/07/16, 730.31, 738.50, 719.06, 726.39, 2963741
01/06/16, 730.00, 747.18, 728.92, 743.62, 1947034
01/05/16, 746.45, 752.00, 738.64, 742.58, 1950691
01/04/16, 743.00, 744.06, 731.2577, 741.84, 3272776
12/31/15, 769.50, 769.50, 758.34, 758.88, 1500923
12/30/15, 776.60, 777.60, 766.90, 771.00, 1293521
12/29/15, 766.69, 779.98, 766.43, 776.60, 1765012
12/28/15, 752.92, 762.99, 749.52, 762.51, 1515716
12/24/15, 749.55, 751.35, 746.62, 748.40, 527223
12/23/15, 753.47, 754.21, 744.00, 750.31, 1566726
12/22/15, 751.65, 754.85, 745.53, 750.00, 1365520
12/21/15, 746.13, 750.00, 740.00, 747.77, 1525703
12/18/15, 746.51, 754.13, 738.15, 739.31, 3148743
12/17/15, 762.42, 762.68, 749.00, 749.43, 1553418
12/16/15, 750.00, 760.59, 739.435, 758.09, 1993251
12/15/15, 753.00, 758.08, 743.01, 743.40, 2666229
12/14/15, 741.79, 748.73, 724.17, 747.77, 2421236
12/11/15, 741.16, 745.71, 736.75, 738.87, 2224410
12/10/15, 752.85, 755.85, 743.83, 749.46, 1988380
12/09/15, 759.17, 764.23, 737.001, 751.61, 2699990
12/08/15, 757.89, 764.80, 754.20, 762.37, 1829475
12/07/15, 767.77, 768.73, 755.09, 763.25, 1812314
12/04/15, 753.10, 768.49, 750.00, 766.81, 2757283
12/03/15, 766.01, 768.995, 745.63, 752.54, 2590641
12/02/15, 768.90, 775.955, 758.96, 762.38, 2230373
12/01/15, 747.11, 768.95, 746.70, 767.04, 2134621
11/30/15, 748.81, 754.93, 741.27, 742.60, 2097624
11/27/15, 748.46, 753.41, 747.49, 750.26, 838528
11/25/15, 748.14, 752.00, 746.06, 748.15, 1122224
11/24/15, 752.00, 755.279, 737.63, 748.28, 2334197
11/23/15, 757.45, 762.7075, 751.82, 755.98, 1415385
11/20/15, 746.53, 757.92, 743.00, 756.60, 2213284
11/19/15, 738.74, 742.00, 737.43, 738.41, 1327879
11/18/15, 727.58, 741.41, 727.00, 740.00, 1684259
11/17/15, 729.29, 731.845, 723.027, 725.30, 1510903
11/16/15, 715.60, 729.49, 711.33, 728.96, 1905893
11/13/15, 729.17, 731.15, 716.73, 717.00, 2075504
11/12/15, 731.00, 737.80, 728.645, 731.23, 1837154
11/11/15, 732.46, 741.00, 730.23, 735.40, 1366995
11/10/15, 724.40, 730.59, 718.5001, 728.32, 1607994
11/09/15, 730.20, 734.71, 719.43, 724.89, 2069807
11/06/15, 731.50, 735.41, 727.01, 733.76, 1511599
11/05/15, 729.47, 739.48, 729.47, 731.25, 1861550
11/04/15, 722.00, 733.10, 721.90, 728.11, 1706700
11/03/15, 718.86, 724.65, 714.72, 722.16, 1565379
11/02/15, 711.06, 721.62, 705.85, 721.11, 1886250
10/30/15, 715.73, 718.00, 710.05, 710.81, 1908774
10/29/15, 710.50, 718.26, 710.01, 716.92, 1455965
10/28/15, 707.33, 712.98, 703.08, 712.95, 2178917
10/27/15, 707.38, 713.62, 704.55, 708.49, 2245796
10/26/15, 701.55, 719.15, 701.26, 712.78, 2716615
10/23/15, 727.50, 730.00, 701.50, 702.00, 6653923
10/22/15, 646.70, 657.80, 644.01, 651.79, 4070954
10/21/15, 654.15, 655.87, 641.73, 642.61, 1794172
10/20/15, 664.04, 664.7197, 644.195, 650.28, 2498215
10/19/15, 661.18, 666.82, 659.58, 666.10, 1477340
10/16/15, 664.11, 664.97, 657.20, 662.20, 1611128
10/15/15, 654.66, 663.13, 654.46, 661.74, 1885737
10/14/15, 653.21, 659.39, 648.85, 651.16, 1415468
10/13/15, 643.15, 657.8125, 643.15, 652.30, 1807685
10/12/15, 642.09, 648.50, 639.01, 646.67, 1276134
10/09/15, 640.00, 645.99, 635.318, 643.61, 1648736
10/08/15, 641.36, 644.45, 625.56, 639.16, 2182081
10/07/15, 649.24, 650.609, 632.15, 642.36, 2092714
10/06/15, 638.84, 649.25, 636.5295, 645.44, 2236847
10/05/15, 632.00, 643.01, 627.00, 641.47, 1803643
10/02/15, 607.20, 627.34, 603.13, 626.91, 2684805
10/01/15, 608.37, 612.09, 599.85, 611.29, 1867601
09/30/15, 603.28, 608.76, 600.73, 608.42, 2413441
09/29/15, 597.28, 605.00, 590.22, 594.97, 2310284
09/28/15, 610.34, 614.605, 589.38, 594.89, 3127667
09/25/15, 629.77, 629.77, 611.00, 611.97, 2174009
09/24/15, 616.64, 627.32, 612.40, 625.80, 2240098
09/23/15, 622.05, 628.93, 620.00, 622.36, 1470949
09/22/15, 627.00, 627.55, 615.43, 622.69, 2562869
09/21/15, 634.40, 636.49, 625.94, 635.44, 1788506
09/18/15, 636.79, 640.00, 627.02, 629.25, 5133386
09/17/15, 637.79, 650.90, 635.02, 642.90, 2274690
09/16/15, 635.47, 637.95, 632.32, 635.98, 1286454
09/15/15, 626.70, 638.70, 623.78, 635.14, 2084397
09/14/15, 625.70, 625.86, 619.43, 623.24, 1702271
09/11/15, 619.75, 625.78, 617.42, 625.77, 1373545
09/10/15, 613.10, 624.16, 611.43, 621.35, 1905276
09/09/15, 621.22, 626.52, 609.60, 612.72, 1702094
09/08/15, 612.49, 616.31, 604.12, 614.66, 2279538
09/04/15, 600.00, 603.47, 595.25, 600.70, 2089453
09/03/15, 617.00, 619.71, 602.8213, 606.25, 1759572
09/02/15, 605.59, 614.34, 599.71, 614.34, 2575620
09/01/15, 602.36, 612.86, 594.10, 597.79, 3702105
08/31/15, 627.54, 635.80, 617.68, 618.25, 2176737
08/28/15, 632.82, 636.88, 624.56, 630.38, 1978733
08/27/15, 639.40, 643.59, 622.00, 637.61, 3491336
08/26/15, 610.35, 631.71, 599.05, 628.62, 4235891
08/25/15, 614.91, 617.45, 581.11, 582.06, 3537966
08/24/15, 573.00, 614.00, 565.05, 589.61, 5770302
08/21/15, 639.78, 640.05, 612.33, 612.48, 4265183
08/20/15, 655.46, 662.99, 642.90, 646.83, 2855299
08/19/15, 656.60, 667.00, 654.19, 660.90, 2134098
08/18/15, 661.90, 664.00, 653.46, 656.13, 1456059
08/17/15, 656.80, 661.38, 651.24, 660.87, 1051699
08/14/15, 655.01, 659.855, 652.66, 657.12, 1072061
08/13/15, 659.323, 664.50, 651.661, 656.45, 1810749
08/12/15, 663.08, 665.00, 652.29, 659.56, 2940803
08/11/15, 669.20, 674.90, 654.27, 660.78, 5029203
08/10/15, 639.48, 643.44, 631.249, 633.73, 1809205
08/07/15, 640.23, 642.68, 629.71, 635.30, 1403865
08/06/15, 645.00, 645.379, 632.25, 642.68, 1572600
08/05/15, 634.33, 647.86, 633.16, 643.78, 2334266
08/04/15, 628.42, 634.81, 627.16, 629.25, 1490881
08/03/15, 625.34, 633.0556, 625.34, 631.21, 1304511
07/31/15, 631.38, 632.91, 625.50, 625.61, 1706149
07/30/15, 630.00, 635.22, 622.05, 632.59, 1474203
07/29/15, 628.80, 633.36, 622.65, 631.93, 1575069
07/28/15, 632.83, 632.83, 623.31, 628.00, 1727327
07/27/15, 621.00, 634.30, 620.50, 627.26, 2675381
07/24/15, 647.00, 648.17, 622.52, 623.56, 3625747
07/23/15, 661.27, 663.63, 641.00, 644.28, 3029109
07/22/15, 660.89, 678.64, 659.00, 662.10, 3929309
07/21/15, 655.21, 673.00, 654.30, 662.30, 3377196
07/20/15, 659.24, 668.88, 653.01, 663.02, 5860872
07/17/15, 649.00, 674.468, 645.00, 672.93, 11164940
07/16/15, 565.12, 580.68, 565.00, 579.85, 4768318
07/15/15, 560.13, 566.5029, 556.79, 560.22, 1784554
07/14/15, 546.76, 565.8487, 546.71, 561.10, 3244066
07/13/15, 532.88, 547.11, 532.4001, 546.55, 2206475
07/10/15, 526.29, 532.56, 525.55, 530.13, 1956682
07/09/15, 523.12, 523.77, 520.35, 520.68, 1842347
07/08/15, 521.05, 522.734, 516.11, 516.83, 1296699
07/07/15, 523.13, 526.18, 515.18, 525.02, 1597229
07/06/15, 519.50, 525.25, 519.00, 522.86, 1280525
07/02/15, 521.08, 524.65, 521.08, 523.40, 1235903
07/01/15, 524.73, 525.69, 518.2305, 521.84, 1961354
06/30/15, 526.02, 526.25, 520.50, 520.51, 2235595
06/29/15, 525.01, 528.61, 520.54, 521.52, 1937821
06/26/15, 537.26, 537.76, 531.35, 531.69, 2109130
06/25/15, 538.87, 540.90, 535.23, 535.23, 1335697
06/24/15, 540.00, 540.00, 535.66, 537.84, 1286608
06/23/15, 539.64, 541.499, 535.25, 540.48, 1197450
06/22/15, 539.59, 543.74, 537.53, 538.19, 1250282
06/19/15, 537.21, 538.25, 533.01, 536.69, 1893497
06/18/15, 531.00, 538.15, 530.79, 536.73, 1833109
06/17/15, 529.37, 530.98, 525.10, 529.26, 1294216
06/16/15, 528.40, 529.6399, 525.56, 528.15, 1071814
06/15/15, 528.00, 528.30, 524.00, 527.20, 1632702
06/12/15, 531.60, 533.12, 530.16, 532.33, 955789
06/11/15, 538.425, 538.98, 533.02, 534.61, 1217536
06/10/15, 529.36, 538.36, 529.35, 536.69, 1814958
06/09/15, 527.56, 529.20, 523.01, 526.69, 1455266
06/08/15, 533.31, 534.12, 526.24, 526.83, 1524139
06/05/15, 536.35, 537.20, 532.52, 533.33, 1388220
06/04/15, 537.76, 540.59, 534.32, 536.70, 1348337
06/03/15, 539.91, 543.50, 537.11, 540.31, 1717036
06/02/15, 532.93, 543.00, 531.33, 539.18, 1938989
06/01/15, 536.79, 536.79, 529.76, 533.99, 1904332
05/29/15, 537.37, 538.63, 531.45, 532.11, 2597407
05/28/15, 538.01, 540.61, 536.25, 539.78, 1029849
05/27/15, 532.80, 540.55, 531.71, 539.79, 1525019
05/26/15, 538.12, 539.00, 529.88, 532.32, 2406512
05/22/15, 540.15, 544.19, 539.51, 540.11, 1176214
05/21/15, 537.95, 543.8399, 535.98, 542.51, 1462695
05/20/15, 538.49, 542.92, 532.972, 539.27, 1430826
05/19/15, 533.98, 540.66, 533.04, 537.36, 1966947
05/18/15, 532.01, 534.82, 528.85, 532.30, 2003421
05/15/15, 539.18, 539.2743, 530.38, 533.85, 1971343
05/14/15, 533.77, 539.00, 532.41, 538.40, 1403935
05/13/15, 530.56, 534.3215, 528.655, 529.62, 1253063
05/12/15, 531.60, 533.2089, 525.26, 529.04, 1634174
05/11/15, 538.37, 541.98, 535.40, 535.70, 905285
05/08/15, 536.65, 541.15, 536.00, 538.22, 1527615
05/07/15, 523.99, 533.46, 521.75, 530.70, 1546278
05/06/15, 531.24, 532.38, 521.085, 524.22, 1566987
05/05/15, 538.21, 539.74, 530.3906, 530.80, 1383068
05/04/15, 538.53, 544.07, 535.06, 540.78, 1307960
05/01/15, 538.43, 539.54, 532.10, 537.90, 1768181
04/30/15, 547.87, 548.59, 535.05, 537.34, 2082214
04/29/15, 550.47, 553.68, 546.905, 549.08, 1698761
04/28/15, 554.64, 556.02, 550.366, 553.68, 1490983
04/27/15, 563.39, 565.95, 553.2001, 555.37, 2398039
04/24/15, 564.5494, 569.5757, 555.7238, 563.5123, 4932541.29312804
04/23/15, 539.5182, 549.451, 538.7504, 545.5018, 4184838.08248501
04/22/15, 532.9363, 539.598, 530.2936, 537.8876, 1593613.31165369
04/21/15, 536.0378, 537.9127, 532.2133, 532.5074, 1844720.84382567
04/20/15, 524.1604, 534.6217, 523.0634, 533.9136, 1680089.08222705
04/17/15, 527.212, 528.3888, 519.583, 522.6146, 2151848.75975235
04/16/15, 528.4486, 534.1231, 528.1594, 532.338, 1299864.02640443
04/15/15, 527.2519, 533.2653, 521.7869, 531.0714, 2318863.04469752
04/14/15, 534.7812, 536.0976, 526.6461, 528.9373, 2604175.2291733
04/13/15, 536.9352, 542.5699, 535.8383, 537.6932, 1645315.87321555
04/10/15, 540.8046, 540.8046, 535.8383, 538.531, 1409434.02896186
04/09/15, 539.5482, 540.4656, 534.0232, 539.2988, 1557853.40105423
04/08/15, 536.9054, 542.3603, 536.9054, 540.1266, 1178559.89581618
04/07/15, 536.6062, 541.2036, 534.5319, 535.5491, 1302866.24648
04/06/15, 530.7623, 536.9352, 528.1195, 535.2948, 1324394.18996774
04/02/15, 539.3687, 539.3687, 532.3846, 534.0632, 1716438.60719005
04/01/15, 547.0973, 549.6305, 538.0224, 541.0739, 1963094.95201552
03/31/15, 548.4936, 553.1907, 545.2225, 546.4991, 1588026.01363731
03/30/15, 550.1092, 551.9541, 546.6685, 550.518, 1287484.13026117
03/27/15, 551.4854, 553.7591, 546.6287, 546.8381, 1897520.40898227
03/26/15, 556.0628, 557.3692, 549.1418, 553.6493, 1572638.88369091
03/25/15, 568.9375, 570.6927, 557.2096, 557.2544, 2152278.93757881
03/24/15, 561.0191, 573.0163, 559.6729, 568.6283, 2583310.10047178
03/23/15, 558.8949, 560.8197, 554.3076, 557.2794, 1643808.74670467
03/20/15, 560.1117, 560.1815, 557.5187, 558.8252, 2616856.95171694
03/19/15, 557.8579, 559.2639, 554.6218, 556.4616, 1197328.28364329
03/18/15, 550.9868, 558.2468, 545.5018, 557.9676, 2134560.42430719
03/17/15, 550.1989, 552.2831, 546.4991, 549.3313, 1805515.49963248
03/16/15, 549.441, 555.3247, 544.5046, 552.9913, 1640988.02356754
03/13/15, 551.984, 556.8706, 542.7294, 545.8209, 1703538.28612387
03/12/15, 551.994, 554.8462, 548.9523, 553.9885, 1389577.66224966
03/11/15, 553.6195, 556.6113, 549.1717, 549.6703, 1820750.21226042
03/10/15, 562.7046, 563.3028, 553.2106, 553.4899, 1792266.22312665
03/09/15, 565.3073, 568.7081, 561.9914, 567.2919, 1062245.42691665
03/06/15, 573.3055, 575.1004, 565.2077, 566.1301, 1659005.35500299
03/05/15, 573.4451, 576.3271, 571.8394, 573.7542, 1389623.78854341
03/04/15, 570.3036, 575.5293, 566.4543, 571.7995, 1876834.77172816
03/03/15, 568.8876, 573.8141, 564.9684, 572.0689, 1704753.61368953
03/02/15, 558.9948, 570.583, 557.2196, 569.7752, 2129628.92185842
02/27/15, 552.7219, 563.1633, 551.3857, 556.8706, 2410153.99923976
02/26/15, 541.7222, 554.6168, 540.0169, 553.9586, 2311550.02164772
02/25/15, 534.4322, 544.724, 533.9785, 542.3803, 1826042.70309503
02/24/15, 528.5484, 535.3198, 526.8032, 534.6217, 1005146.0889865
02/23/15, 534.5817, 534.9697, 527.96, 530.4531, 1457899.72799736
02/20/15, 541.6424, 542.2607, 534.3324, 537.4739, 1445169.87366894
02/19/15, 536.5663, 541.6224, 536.5364, 541.383, 990190.039337516
02/18/15, 539.9171, 543.996, 536.0378, 538.2218, 1453068.50010021
02/17/15, 545.3323, 548.4936, 539.608, 541.3532, 1616867.98292037
02/13/15, 541.8618, 548.4037, 541.6424, 547.5063, 1900331.10466424
02/12/15, 535.7785, 543.3278, 533.2086, 541.4429, 1620261.27374726
02/11/15, 533.8339, 536.9752, 531.9166, 534.502, 1377743.25966723
02/10/15, 527.8503, 536.2273, 525.4768, 535.4694, 1749869.13995533
02/09/15, 526.5538, 530.5429, 524.5793, 526.3843, 1267748.09301092
02/06/15, 526.1948, 535.7286, 524.9682, 529.5456, 1763480.40759251
02/05/15, 522.3554, 527.0525, 520.66, 526.135, 1849753.62357159
02/04/15, 527.7904, 531.2125, 519.8423, 521.3282, 1663681.15734513
02/03/15, 526.5538, 531.9391, 521.8268, 527.7904, 2038668.87333653
02/02/15, 530.2736, 531.5401, 517.1297, 527.0325, 2849781.69944329
01/30/15, 514.4471, 538.3913, 514.108, 533.056, 5606332.13177046
01/29/15, 509.6004, 509.6901, 499.8272, 509.2613, 4186390.33254412
01/28/15, 521.3481, 521.5576, 508.6031, 508.6031, 1683842.35869426
01/27/15, 528.5184, 529.2464, 516.7707, 517.2095, 1904059.31249355
01/26/15, 537.055, 537.5237, 528.2192, 533.7441, 1543751.79085962
01/23/15, 534.1231, 540.685, 531.5401, 538.4711, 2281734.38646842
01/22/15, 520.0517, 534.861, 518.2766, 532.9263, 2676890.32302756
01/21/15, 505.8607, 517.8577, 504.8135, 516.6211, 2268668.61239206
01/20/15, 509.6004, 511.0963, 504.63, 505.5116, 2232035.31044797
01/16/15, 498.6406, 506.7981, 498.6305, 506.6884, 2298337.846726
01/15/15, 504.1853, 504.295, 496.3967, 500.4156, 2718801.07462352
01/14/15, 493.2952, 501.8517, 491.6497, 499.4981, 2235761.51278625
01/13/15, 497.4737, 501.6023, 491.0413, 494.821, 2372184.03752255
01/12/15, 493.5844, 494.6176, 486.2246, 491.2009, 2326818.82762321
01/09/15, 503.3776, 503.537, 493.4348, 494.811, 2071388.45953081
01/08/15, 496.626, 502.101, 489.6551, 501.3032, 3353580.09895736
01/07/15, 505.6113, 505.8547, 498.2815, 499.7275, 2065022.02824832
01/06/15, 513.5894, 514.7612, 499.6776, 500.5851, 2899892.90387091
01/05/15, 521.8268, 522.8939, 511.6547, 512.4625, 2059879.94924114
01/02/15, 527.5611, 529.8149, 522.6645, 523.3725, 1450634.83673234
12/31/14, 529.7949, 531.1412, 524.3599, 524.9582, 1375586.35406184
12/30/14, 526.6436, 529.6952, 525.6862, 528.9672, 876323.171968527
12/29/14, 530.7324, 534.0134, 528.5593, 528.8775, 2282355.08594296
12/26/14, 527.3217, 532.7867, 525.8657, 532.5673, 1040577.09905664
12/24/14, 529.057, 530.3025, 525.5765, 527.3217, 705968.641434278
12/23/14, 525.5566, 533.0959, 524.8485, 529.1367, 2197585.98823821
12/22/14, 514.6665, 525.0181, 514.6665, 523.4324, 2731079.69346964
12/19/14, 510.109, 516.3019, 505.5222, 514.9357, 3690255.91701052
12/18/14, 511.545, 512.4625, 503.3176, 509.7001, 2926746.4287953
12/17/14, 495.6387, 505.6113, 495.4492, 503.5071, 2883178.13886102
12/16/14, 510.1589, 511.6448, 487.6606, 494.0331, 3964229.05518888
12/15/14, 521.3082, 521.6673, 511.8642, 512.3927, 2820511.55782481
12/12/14, 522.0761, 527.0525, 517.2394, 517.2394, 1994580.15847934
12/11/14, 526.3543, 532.4576, 525.6563, 526.8929, 1615387.93053843
12/10/14, 531.6199, 534.861, 524.1205, 524.619, 1721550.60383174
12/09/14, 520.7099, 532.7269, 519.0744, 531.909, 1876407.60213825
12/08/14, 525.6862, 529.5456, 522.3554, 525.5366, 2333518.17041708
12/05/14, 529.5456, 531.4304, 522.844, 523.8213, 2565676.82056904
12/04/14, 529.7051, 535.8683, 527.1422, 535.8383, 1396031.33239206
12/03/14, 529.9844, 534.5279, 527.8104, 529.8647, 1282801.30870042
12/02/14, 532.0488, 534.0333, 528.3489, 532.2881, 1526663.00177219
12/01/14, 537.424, 539.9271, 530.4033, 532.338, 2115392.94376463
11/28/14, 539.1392, 540.5155, 535.1302, 540.346, 1148376.25303243
11/26/14, 539.3986, 540.0666, 535.5711, 538.8899, 1523676.82562488
11/25/14, 537.5237, 542.49, 537.1268, 539.598, 1789869.66134289
11/24/14, 536.1774, 541.2136, 534.1529, 537.793, 1706356.00102445
11/21/14, 540.1266, 540.6551, 535.0903, 536.0278, 2224341.24410201
11/20/14, 529.7949, 533.6443, 529.6254, 533.3651, 1563412.62219616
11/19/14, 533.5347, 536.7658, 528.6281, 535.5192, 1392252.98728694
11/18/14, 536.0278, 540.4557, 532.7068, 533.5646, 1963040.80375765
11/17/14, 542.0912, 542.3006, 532.5981, 535.0405, 1726009.81314237
11/14/14, 545.1826, 545.1826, 540.6651, 542.9089, 1289522.71189565
11/13/14, 548.294, 548.294, 541.9915, 543.8863, 1339387.24092627
11/12/14, 548.8825, 548.9523, 543.6767, 545.8109, 1129688.08484662
11/11/14, 546.9876, 550.4282, 544.8036, 548.7827, 967515.957724734
11/10/14, 539.977, 548.0847, 539.5382, 545.9904, 1134653.68064295
11/07/14, 544.714, 544.714, 537.1946, 539.5282, 1633733.15975768
11/06/14, 544.0059, 545.3871, 539.4882, 540.5553, 1333255.45209458
11/05/14, 555.2749, 555.2749, 542.5598, 544.4247, 2032306.45303611
11/04/14, 551.4854, 553.9785, 547.7955, 552.5922, 1244168.53219699
11/03/14, 553.9785, 556.372, 551.7147, 553.6992, 1382296.72705638
10/31/14, 557.8179, 558.0374, 553.2306, 557.5487, 2038470.32972432
10/30/14, 547.4465, 551.2859, 542.0214, 548.8027, 1455653.57804102
10/29/14, 548.4936, 552.6721, 545.4819, 547.8254, 1771960.62642319
10/28/14, 541.5128, 547.4763, 540.1364, 547.3966, 1276869.06622646
10/27/14, 535.5591, 542.9188, 535.5591, 539.2889, 1188227.36533807
10/24/14, 542.8689, 543.3876, 534.3225, 538.3016, 1977463.29251745
10/23/14, 537.8428, 545.7211, 534.3822, 542.49, 2351737.0537013
10/22/14, 528.4387, 538.3215, 527.3515, 531.2509, 2925195.1814817
10/21/14, 523.7515, 525.3472, 517.6882, 525.0978, 2338937.00718674
10/20/14, 508.0546, 520.3309, 506.7083, 519.4134, 2612661.46447708
10/17/14, 525.8059, 529.5257, 507.1371, 509.7699, 5545863.5689058
10/16/14, 517.5785, 527.9799, 513.5894, 523.0734, 3708581.09131945
10/15/14, 529.5556, 531.3407, 516.8803, 528.5783, 3722723.81408023
10/14/14, 537.424, 545.6913, 531.7091, 536.4666, 2223319.44642098
10/13/14, 543.4972, 547.995, 531.6398, 531.7496, 2585757.80227688
10/10/14, 556.1924, 563.5822, 542.5598, 542.9987, 3087089.44782104
10/09/14, 569.6155, 569.9247, 557.5287, 559.3438, 2526612.86349363
10/08/14, 564.021, 572.3082, 555.963, 570.932, 1993347.7842399
10/07/14, 572.8268, 573.6944, 562.1959, 562.1959, 1911663.13174305
10/06/14, 577.2146, 579.4087, 572.8667, 575.7686, 1214646.70145393
10/03/14, 571.4804, 575.644, 570.932, 573.7044, 1141763.14635295
10/02/14, 565.7561, 570.3436, 561.7771, 568.5186, 1178534.82717828
10/01/14, 574.4324, 575.9979, 565.457, 566.7136, 1448995.34781332
09/30/14, 575.3498, 578.2618, 571.2809, 575.7786, 1622882.45052666
09/29/14, 570.1841, 576.6064, 569.6055, 574.7813, 1284722.5691095
09/26/14, 574.4821, 577.6635, 573.086, 575.5193, 1443761.01621865
09/25/14, 585.9407, 586.3695, 572.6073, 573.4849, 1930638.08514649
09/24/14, 579.8675, 588.0151, 578.93, 586.3795, 1729273.74979767
09/23/14, 585.2426, 585.2426, 579.4087, 579.5384, 1471733.60513914
09/22/14, 592.1936, 592.3222, 581.8619, 585.7612, 1692345.64067181
09/19/14, 589.88, 594.8462, 587.8854, 594.4473, 3737281.67348472
09/18/14, 585.3923, 587.9252, 583.3978, 587.6561, 1445973.07282743
09/17/14, 578.4214, 585.9107, 577.1898, 583.1684, 1695638.65694708
09/16/14, 571.1913, 579.9074, 571.0915, 578.3616, 1482365.71584763
09/15/14, 571.3708, 573.3753, 566.6537, 571.5303, 1600608.46437485
09/12/14, 579.4087, 580.047, 572.8866, 574.0434, 1602065.45360992
09/11/14, 578.7704, 580.2164, 574.6817, 579.7577, 1221065.27550326
09/10/14, 579.9074, 581.9019, 575.3598, 581.5029, 977823.178885967
09/09/14, 587.287, 587.3868, 578.4115, 579.4187, 1290255.718868
09/08/14, 584.9933, 590.1492, 584.6941, 588.1047, 1433025.62272199
09/05/14, 582.3805, 584.9434, 580.3561, 584.4748, 1633952.76102574
09/04/14, 578.4115, 584.3949, 577.6335, 580.3859, 1463966.33837049
09/03/14, 578.4115, 581.3932, 573.4252, 576.3571, 1217921.66830991
09/02/14, 570.2837, 576.2474, 569.6256, 575.7488, 1581161.21783327
08/29/14, 569.7652, 570.4732, 565.5161, 570.0344, 1084200.5399943
08/28/14, 567.9999, 571.6799, 565.5467, 567.641, 1299522.0901834
08/27/14, 575.6889, 576.9055, 568.5416, 569.4361, 1704830.82509428
08/26/14, 579.668, 580.2064, 575.0008, 576.2772, 1639957.20117686
08/25/14, 583.1184, 583.3978, 577.4141, 578.6109, 1362541.63764132
08/22/14, 581.9916, 583.6331, 579.0497, 580.9644, 791652.243049818
08/21/14, 582.221, 582.8991, 579.5482, 581.7721, 915361.157935065
08/20/14, 584.2754, 585.0931, 580.9744, 582.8891, 1037621.00527482
08/19/14, 583.3978, 585.7313, 582.4005, 585.2526, 981987.681289383
08/18/14, 574.532, 582.9091, 574.4224, 580.5654, 1286053.21240952
08/15/14, 576.2772, 577.7932, 568.9574, 571.9092, 1521222.10460118
08/14/14, 574.6018, 576.3172, 569.3164, 573.0761, 985625.54174768
08/13/14, 565.7561, 573.4252, 564.2005, 573.2058, 1441870.84092057
08/12/14, 562.9738, 564.3501, 559.3438, 561.1886, 1541981.94502349
08/11/14, 568.4288, 568.9274, 564.4498, 566.3246, 1219307.46261333
08/08/14, 562.0164, 568.6882, 558.8152, 567.2122, 1496589.66099522
08/07/14, 566.4443, 568.3291, 559.5631, 561.8169, 1111945.50568261
08/06/14, 560.2413, 569.1369, 558.4662, 564.8228, 1334531.94713673
08/05/14, 568.4886, 570.4133, 561.0691, 563.5223, 1560960.909409
08/04/14, 567.4814, 573.7741, 562.5549, 571.5802, 1431088.31838465
08/01/14, 568.8377, 574.3824, 561.3083, 564.5196, 1955527.23160461
07/31/14, 579.0097, 582.0514, 568.4388, 570.0344, 2105282.26072458
07/30/14, 584.9434, 587.8854, 582.4005, 585.811, 1016716.76949817
07/29/14, 587.1375, 588.0848, 581.9168, 584.006, 1350345.24392753
07/28/14, 586.4594, 590.8772, 583.1516, 588.9823, 986863.932460212
07/25/14, 588.783, 590.2389, 585.4222, 587.4068, 935285.71134237
07/24/14, 594.8164, 597.8581, 590.1492, 591.7248, 1036179.0572225
07/23/14, 591.6051, 596.2125, 590.8772, 594.3476, 1233223.56488744
07/22/14, 589.102, 598.0077, 588.9823, 593.111, 1699442.07069011
07/21/14, 590.1292, 592.772, 583.6297, 587.8554, 2065992.68590802
07/18/14, 591.3758, 595.1654, 580.406, 593.4502, 4017392.61696786
07/17/14, 577.9427, 579.3987, 567.0526, 572.1585, 3023757.04376206
07/16/14, 586.3896, 586.7885, 580.6054, 581.0641, 1398389.78984621
07/15/14, 584.1356, 584.2001, 574.9808, 583.1784, 1623261.48833179
07/14/14, 581.0042, 583.6072, 576.4469, 583.268, 1857377.49773141
07/11/14, 570.3436, 579.259, 569.8549, 577.5936, 1622012.06741858
07/10/14, 564.3599, 575.0108, 563.4625, 569.5357, 1357033.55652072
07/09/14, 570.0145, 575.1403, 567.8165, 574.5022, 1116966.25248233
07/08/14, 576.0778, 577.9411, 564.5844, 569.5259, 1913889.22678906
07/07/14, 582.1612, 584.8238, 578.0026, 580.6553, 1064749.28247066
07/03/14, 581.7522, 583.4077, 579.3288, 583.1284, 714166.086029382
07/02/14, 581.7522, 583.8365, 578.8004, 580.7401, 1057833.34664528
07/01/14, 576.7361, 582.7994, 575.0706, 581.0741, 1450280.86756511
06/30/14, 577.075, 577.9826, 573.1758, 573.7044, 1314509.12466883
06/27/14, 575.5991, 578.2817, 572.2283, 575.6589, 2237301.72989916
06/26/14, 579.4087, 580.8548, 570.2837, 574.4224, 1741981.54372474
06/25/14, 563.7118, 578.3716, 563.6719, 577.0652, 1969842.42659417
06/24/14, 563.642, 571.0775, 559.4735, 563.0735, 2207836.05290502
06/23/14, 553.6295, 563.4525, 552.732, 563.4027, 1538873.43392321
06/20/14, 555.3247, 556.0528, 548.8841, 554.8361, 4509312.49309679
06/19/14, 552.7219, 553.4799, 547.0077, 553.3802, 2458074.20471443
06/18/14, 543.3677, 552.0439, 542.51, 551.8543, 1742114.90887839
06/17/14, 542.7095, 543.8264, 537.8528, 541.5227, 1449848.68424762
06/16/14, 547.7556, 548.1145, 540.0368, 542.7893, 1708707.43925999
06/13/14, 550.7474, 550.7872, 544.0658, 550.2488, 1220518.77919692
06/12/14, 555.7735, 556.4616, 546.9578, 549.8399, 1461105.50541271
06/11/14, 556.4717, 558.3466, 553.4999, 557.3094, 1100393.87733575
06/10/14, 558.9748, 562.0563, 556.372, 559.0146, 1353149.9231364
06/09/14, 555.624, 561.3583, 554.517, 560.5804, 1467695.54894532
06/06/14, 556.5314, 556.5314, 547.4264, 554.8063, 1737350.86493083
06/05/14, 544.9035, 553.43, 542.9588, 552.3829, 1689513.88733401
06/04/14, 540.0169, 547.1074, 537.2744, 543.1682, 1817061.11150624
06/03/14, 549.4808, 550.8272, 541.064, 543.4475, 1867034.93979813
06/02/14, 559.1643, 559.3638, 544.2353, 552.4127, 1438929.78832149
05/30/14, 559.2639, 559.8124, 554.3873, 558.3565, 1771646.76707661
05/29/14, 561.8069, 562.4553, 557.1798, 558.546, 1354366.25344757
05/28/14, 563.0237, 566.2848, 559.4635, 560.1415, 1652242.8392416
05/27/14, 554.4772, 564.4498, 552.8316, 564.3999, 2106066.40771827
05/23/14, 545.7611, 552.1236, 542.2109, 551.1862, 1934931.84144695
05/22/14, 539.6479, 546.1001, 539.2988, 543.567, 1616264.3301196
05/21/14, 531.4404, 537.706, 530.4531, 537.4639, 1196666.47160258
05/20/14, 528.289, 534.7613, 524.8585, 528.319, 1785002.33460715
05/19/14, 518.2766, 528.329, 516.1654, 527.4115, 1279867.27531996
05/16/14, 519.9619, 520.3707, 514.0282, 519.204, 1485757.00118348
05/15/14, 524.2601, 524.4297, 516.0028, 518.5558, 1708437.70071612
05/14/14, 531.5401, 531.5401, 523.8513, 525.2075, 1195136.28194483
05/13/14, 529.4359, 534.6017, 528.0597, 531.6299, 1653436.1064059
05/12/14, 522.0761, 528.7378, 517.5885, 528.4686, 1913633.52668242
05/09/14, 509.3511, 518.476, 502.819, 517.3092, 2439464.25067889
05/08/14, 507.0673, 515.8132, 505.0628, 509.6004, 2021668.32585452
05/07/14, 514.3773, 515.2648, 501.9215, 508.5632, 3224909.79980696
05/06/14, 523.7914, 525.3671, 513.6493, 513.729, 1689007.50084832
05/05/14, 523.3825, 527.4514, 519.8921, 526.3644, 1024213.29497743
05/02/14, 532.2981, 532.5374, 524.1703, 526.4839, 1689669.31288902
05/01/14, 525.6663, 531.4703, 522.4451, 529.8947, 1905651.67237331
04/30/14, 526.1549, 526.5538, 521.0888, 525.2174, 1751702.15875898
04/29/14, 515.4842, 528.0098, 514.9058, 526.2547, 2699883.2777145
04/28/14, 515.7635, 517.1796, 501.4228, 515.7335, 3335564.77301294
04/25/14, 521.0789, 523.2629, 514.0083, 514.7661, 2103024.07782205
04/24/14, 528.6182, 530.1938, 520.6899, 523.7216, 1887133.97092526
04/23/14, 532.328, 532.4078, 524.8086, 525.4967, 2056699.24046369
04/22/14, 527.1921, 535.7585, 526.0652, 533.3452, 2365900.83411791
04/21/14, 534.6317, 535.23, 524.1604, 527.172, 2568247.86007263
04/17/14, 547.3069, 547.995, 529.6952, 534.6317, 6814055.8781804
04/16/14, 541.5128, 555.4744, 538.521, 555.0156, 4893291.82813213
04/15/14, 535.3497, 536.9752, 517.0401, 534.9707, 3858020.25560182
04/14/14, 536.7758, 542.6097, 528.1105, 531.0615, 2575072.54605603
04/11/14, 531.0913, 538.521, 525.0879, 529.1467, 3926926.92198547
04/10/14, 563.4525, 563.4525, 538.4213, 539.4684, 4038805.24472124
04/09/14, 558.0872, 563.8214, 551.4355, 562.5949, 3333873.14132708
04/08/14, 541.1138, 553.4799, 540.1266, 553.3802, 3161063.99004368
04/07/14, 539.259, 546.9778, 525.7062, 536.676, 4401624.6438733
04/04/14, 573.0761, 576.1876, 541.5128, 541.6524, 6395173.97996196
04/03/14, 568.2892, 585.6715, 562.5849, 568.1795, 5101502.90986571
04/02/14, 598.3466, 603.1735, 560.6502, 565.4471, 147099.859267575